tutorial,4,2024-08-02T18:20:14.039Z,2024-08-02T18:20:27.592Z
w4,2,2024-08-02T18:21:19.241Z,2024-08-02T18:21:44.859Z
n5,2,2024-08-02T18:22:19.800Z,2024-08-02T18:22:24.346Z
n5,2,2024-08-02T18:35:57.893Z,2024-08-02T18:36:32.594Z
n3,4,2024-08-02T18:37:24.192Z,2024-08-02T18:37:45.209Z
n43,3,2024-08-02T18:38:09.944Z,2024-08-02T18:38:30.831Z
n31,2,2024-08-02T18:38:58.562Z,2024-08-02T18:39:09.916Z
w89,3,2024-08-02T18:39:32.976Z,2024-08-02T18:39:53.950Z
n68,2,2024-08-02T18:40:20.316Z,2024-08-02T18:40:34.695Z
w28,3,2024-08-02T18:40:57.455Z,2024-08-02T18:41:14.359Z
w1,5,2024-08-02T18:42:18.043Z,2024-08-02T18:42:32.391Z
w3,2,2024-08-02T18:43:21.646Z,2024-08-02T18:43:35.741Z
n86,3,2024-08-02T18:44:32.480Z,2024-08-02T18:44:44.756Z
w79,2,2024-08-02T18:45:02.203Z,2024-08-02T18:45:20.889Z
w5,2,2024-08-02T18:45:40.300Z,2024-08-02T18:46:03.356Z
w73,2,2024-08-02T18:46:50.726Z,2024-08-02T18:47:11.609Z
n2,4,2024-08-02T18:48:02.397Z,2024-08-02T18:48:09.479Z
tutorial,2,,2024-08-12T15:53:04.650Z
n61,4,,2024-08-12T15:53:24.974Z
w1,5,,2024-08-12T15:53:35.876Z
tutorial,2,,2024-09-11T18:36:23.331Z
